{
  "speedup_factors": [
    1.1,
    1.2555634918610405,
    1.473033467864232,
    1.7676401614370785,
    2.1628965175102794,
    2.692695800944568,
    3.4051161455092886,
    4.368228432396256,
    5.678696962115133,
    7.474458616331406,
    9.953456090472432,
    10.0,
    10.0,
    10.0,
    10.0,
    10.0,
    10.0,
    10.0,
    10.0,
    10.0,
    10.0,
    10.0,
    10.0,
    10.0,
    10.0,
    10.0,
    10.0,
    10.0,
    10.0,
    10.0,
    10.0,
    10.0,
    10.0,
    10.0,
    10.0,
    10.0,
    10.0,
    10.0,
    10.0,
    10.0,
    10.0,
    10.0,
    10.0,
    10.0,
    10.0,
    10.0,
    10.0,
    10.0,
    10.0,
    10.0
  ],
  "rewards": [
    14.066802657568276,
    14.575385607203044,
    18.018643819173565,
    18.312451700497977,
    19.52418430215315,
    19.411570139468957,
    19.66386614416664,
    19.65995785562894,
    19.90650272320608,
    19.00644574452361,
    19.988758810923287,
    19.274735381376946,
    20.034148157399233,
    19.831793983476036,
    19.76391147101554,
    19.200154320885115,
    19.85033415809331,
    19.101423125081183,
    20.042535897628532,
    20.023773327071257,
    19.63720794562938,
    20.11459701088096,
    20.12878463459863,
    20.016440031045136,
    20.154838602398165,
    20.03334901053359,
    20.21211150967315,
    19.70091469535651,
    20.075866329640284,
    19.74087812472055,
    19.604382850808992,
    20.04725222908372,
    19.837977707811145,
    19.701129373872345,
    19.400755612319077,
    19.816592964619016,
    20.133648009897144,
    20.243152171472385,
    20.344642314583556,
    19.92113075618583,
    19.5705709562011,
    20.376621634148613,
    19.23574131398367,
    19.49581432758186,
    20.185568850295127,
    19.75338455877892,
    19.881509006759213,
    19.51691558048912,
    20.143510123192367,
    20.022648767274323
  ],
  "learning_rates": [
    0.0011,
    0.0012555634918610405,
    0.001473033467864232,
    0.0017676401614370786,
    0.0021628965175102795,
    0.002692695800944568,
    0.0034051161455092888,
    0.004368228432396256,
    0.005678696962115133,
    0.007474458616331406,
    0.009953456090472433,
    0.01,
    0.01,
    0.01,
    0.01,
    0.01,
    0.01,
    0.01,
    0.01,
    0.01,
    0.01,
    0.01,
    0.01,
    0.01,
    0.01,
    0.01,
    0.01,
    0.01,
    0.01,
    0.01,
    0.01,
    0.01,
    0.01,
    0.01,
    0.01,
    0.01,
    0.01,
    0.01,
    0.01,
    0.01,
    0.01,
    0.01,
    0.01,
    0.01,
    0.01,
    0.01,
    0.01,
    0.01,
    0.01,
    0.01
  ],
  "k_values": [
    3.0,
    3.0,
    3.0,
    3.0,
    3.0,
    3.0,
    3.0,
    3.0,
    3.0,
    3.0,
    3.0,
    3.0,
    3.0,
    3.0,
    3.0,
    3.0,
    3.0,
    3.0,
    3.0,
    3.0,
    3.0,
    3.0,
    3.0,
    3.0,
    3.0,
    3.0,
    3.0,
    3.0,
    3.0,
    3.0,
    3.0,
    3.0,
    3.0,
    3.0,
    3.0,
    3.0,
    3.0,
    3.0,
    3.0,
    3.0,
    3.0,
    3.0,
    3.0,
    3.0,
    3.0,
    3.0,
    3.0,
    3.0,
    3.0,
    3.0
  ],
  "cache_efficiency": [
    0.0,
    0.0,
    0.0,
    0.0,
    0.0,
    0.0,
    0.0,
    0.0,
    0.0,
    0.0,
    0.0,
    0.0,
    0.0,
    0.0,
    0.0,
    0.0,
    0.0,
    0.0,
    0.0,
    0.0,
    0.0,
    0.0,
    0.0,
    0.0,
    0.0,
    0.0,
    0.0,
    0.0,
    0.0,
    0.0,
    0.0,
    0.0,
    0.0,
    0.0,
    0.0,
    0.0,
    0.0,
    0.0,
    0.0,
    0.0,
    0.0,
    0.0,
    0.0,
    0.0,
    0.0,
    0.0,
    0.0,
    0.0,
    0.0,
    0.0
  ],
  "field_resonance": [
    0.8329772836137314,
    0.7296718791266275,
    0.6789041987136758,
    0.6467346066559263,
    0.6409055029721672,
    0.6469962092379704,
    0.6747976925087822,
    0.7075626005283603,
    0.7300680329182163,
    0.7371103458477919,
    0.743259872260804,
    0.7497194732601449,
    0.7528271994845463,
    0.7526770228523386,
    0.7519144507429099,
    0.7517813801111553,
    0.7513973248503607,
    0.7501369797232452,
    0.7483537054918828,
    0.746900688084029,
    0.749479236572061,
    0.7552036108864055,
    0.7613212404144335,
    0.770615159964318,
    0.7756909886992243,
    0.7786163885988768,
    0.7858810421322046,
    0.7910166335308657,
    0.7935101289481108,
    0.7949024368963404,
    0.7958186687633976,
    0.7969505455492557,
    0.7988481726148831,
    0.7997947647320554,
    0.7948999700181066,
    0.7863806640872726,
    0.7811449667571853,
    0.7772483792689767,
    0.7737783244730314,
    0.7719587089999992,
    0.7708261429692482,
    0.768511277644429,
    0.7645420907767321,
    0.7609103476420235,
    0.7573216104448639,
    0.754506569422604,
    0.7542860097302407,
    0.7547368326108873,
    0.7550170103902945,
    0.7524498200761226
  ],
  "timestamps": []
}