{
  "speedup_factors": [
    1.1,
    1.2555634918610405,
    1.473033467864232,
    1.7676401614370785,
    2.1628965175102794,
    2.692695800944568,
    3.4051161455092886,
    4.368228432396256,
    5.678696962115133,
    7.474458616331406,
    9.953456090472432,
    10.0,
    10.0,
    10.0,
    10.0,
    10.0,
    10.0,
    10.0,
    10.0,
    10.0,
    10.0,
    10.0,
    10.0,
    10.0,
    10.0,
    10.0,
    10.0,
    10.0,
    10.0,
    10.0,
    10.0,
    10.0,
    10.0,
    10.0,
    10.0,
    10.0,
    10.0,
    10.0,
    10.0,
    10.0,
    10.0,
    10.0,
    10.0,
    10.0,
    10.0,
    10.0,
    10.0,
    10.0,
    10.0,
    10.0
  ],
  "rewards": [
    14.08080935969875,
    15.180333459544263,
    17.392802239616298,
    17.543293563542367,
    18.31441433471061,
    18.5796209144536,
    18.931631710317216,
    19.161896552880815,
    18.89061770893566,
    17.858819646428874,
    18.972641636822583,
    18.293524361483847,
    18.795681552254678,
    18.252232775573425,
    19.086124031688424,
    19.00176282960116,
    19.051498800737427,
    18.600070102143984,
    20.180806104339148,
    20.12816465577882,
    20.117687182892332,
    20.04489379431636,
    20.366253361030882,
    20.12103707003197,
    19.65409358740993,
    20.12260086656882,
    19.95559972110871,
    19.78713227634795,
    19.798102570815736,
    19.807012257751573,
    19.311055956092847,
    20.19539917236987,
    19.847797103227695,
    20.071915159258406,
    19.29419994617912,
    19.74450052820998,
    19.960406780207958,
    20.174374292432066,
    20.47594259652122,
    20.205301135539443,
    19.30064518976778,
    20.218252651222517,
    19.602699269529623,
    19.760655183238775,
    20.276125254290886,
    19.458343977559927,
    20.022975615146155,
    19.28574477579278,
    18.789534196699154,
    20.231732398250124
  ],
  "learning_rates": [
    0.0011,
    0.0012555634918610405,
    0.001473033467864232,
    0.0017676401614370786,
    0.0021628965175102795,
    0.002692695800944568,
    0.0034051161455092888,
    0.004368228432396256,
    0.005678696962115133,
    0.007474458616331406,
    0.009953456090472433,
    0.01,
    0.01,
    0.01,
    0.01,
    0.01,
    0.01,
    0.01,
    0.01,
    0.01,
    0.01,
    0.01,
    0.01,
    0.01,
    0.01,
    0.01,
    0.01,
    0.01,
    0.01,
    0.01,
    0.01,
    0.01,
    0.01,
    0.01,
    0.01,
    0.01,
    0.01,
    0.01,
    0.01,
    0.01,
    0.01,
    0.01,
    0.01,
    0.01,
    0.01,
    0.01,
    0.01,
    0.01,
    0.01,
    0.01
  ],
  "k_values": [
    3.0,
    3.0,
    3.0,
    3.0,
    3.0,
    3.0,
    3.0,
    3.0,
    3.0,
    3.0,
    3.0,
    3.0,
    3.0,
    3.0,
    3.0,
    3.0,
    3.0,
    3.0,
    3.0,
    3.0,
    3.0,
    3.0,
    3.0,
    3.0,
    3.0,
    3.0,
    3.0,
    3.0,
    3.0,
    3.0,
    3.0,
    3.0,
    3.0,
    3.0,
    3.0,
    3.0,
    3.0,
    3.0,
    3.0,
    3.0,
    3.0,
    3.0,
    3.0,
    3.0,
    3.0,
    3.0,
    3.0,
    3.0,
    3.0,
    3.0
  ],
  "cache_efficiency": [
    0.0,
    0.0,
    0.0,
    0.0,
    0.0,
    0.0,
    0.0,
    0.0,
    0.0,
    0.0,
    0.0,
    0.0,
    0.0,
    0.0,
    0.0,
    0.0,
    0.0,
    0.0,
    0.0,
    0.0,
    0.0,
    0.0,
    0.0,
    0.0,
    0.0,
    0.0,
    0.0,
    0.0,
    0.0,
    0.0,
    0.0,
    0.0,
    0.0,
    0.0,
    0.0,
    0.0,
    0.0,
    0.0,
    0.0,
    0.0,
    0.0,
    0.0,
    0.0,
    0.0,
    0.0,
    0.0,
    0.0,
    0.0,
    0.0,
    0.0
  ],
  "field_resonance": [
    0.8383079882759813,
    0.7316882139464206,
    0.6797374975662839,
    0.6469963339917363,
    0.6410387927213593,
    0.647082874794412,
    0.6748420032473412,
    0.7075850862536676,
    0.7300770872627361,
    0.7371137948760904,
    0.7432612552270337,
    0.7497201600627689,
    0.7528275204028574,
    0.7526771916892983,
    0.7519145518399126,
    0.7517814474853006,
    0.7513973416766909,
    0.7501369964931759,
    0.7483537221821753,
    0.746900688084029,
    0.749479236572061,
    0.7552036108864055,
    0.7613212404144335,
    0.770615159964318,
    0.7756909886992243,
    0.7786163885988768,
    0.7858810421322046,
    0.7910166335308657,
    0.7935101289481108,
    0.7949024368963404,
    0.7958186687633976,
    0.7969505455492557,
    0.7988481726148831,
    0.7997947647320554,
    0.7948999700181066,
    0.7863806640872726,
    0.7811449667571853,
    0.7772483792689767,
    0.7737783244730314,
    0.7719587089999992,
    0.7708261429692482,
    0.768511277644429,
    0.7645420907767321,
    0.7609103476420235,
    0.7573216104448639,
    0.754506569422604,
    0.7542860097302407,
    0.7547368326108873,
    0.7550170103902945,
    0.7524498200761226
  ]
}