{
  "training_time": [
    3.4117963314056396,
    6.238782644271851,
    8.23822569847107,
    10.870006799697876,
    8.388603687286377,
    5.637684345245361,
    8.260002851486206,
    10.61105990409851,
    8.227481126785278,
    8.150900840759277,
    8.131646871566772,
    5.7514283657073975,
    10.633597612380981,
    13.11607813835144,
    12.956183433532715,
    14.415667533874512,
    20.282041311264038,
    13.97768259048462,
    12.963178634643555,
    13.352603912353516
  ],
  "rewards": [
    14.009111338707934,
    13.798053676535433,
    13.804584655322493,
    16.629307818015384,
    17.82805133539064,
    18.395870806094855,
    18.649500153580735,
    19.060239431826513,
    19.500297718770035,
    18.979005989520623,
    19.713935918087184,
    19.511197923800022,
    19.001592582637155,
    19.138569133879088,
    19.593113616356856,
    20.120589610692324,
    19.03580905755519,
    19.07352665786615,
    19.223425437639737,
    20.121187629071038
  ],
  "learning_rates": [
    0.0011,
    0.0012555634918610405,
    0.001473033467864232,
    0.0017676401614370786,
    0.0021628965175102795,
    0.002692695800944568,
    0.0034051161455092888,
    0.004368228432396256,
    0.005678696962115133,
    0.007474458616331406,
    0.009953456090472433,
    0.01,
    0.01,
    0.01,
    0.01,
    0.01,
    0.01,
    0.01,
    0.01,
    0.01
  ],
  "speedup_factors": [
    1.1,
    1.2555634918610405,
    1.473033467864232,
    1.7676401614370785,
    2.1628965175102794,
    2.692695800944568,
    3.4051161455092886,
    4.368228432396256,
    5.678696962115133,
    7.474458616331406,
    9.953456090472432,
    10.0,
    10.0,
    10.0,
    10.0,
    10.0,
    10.0,
    10.0,
    10.0,
    10.0
  ],
  "k_values": [
    3.0,
    3.0,
    3.0,
    3.0,
    3.0,
    3.0,
    3.0,
    3.0,
    3.0,
    3.0,
    3.0,
    3.0,
    3.0,
    3.0,
    3.0,
    3.0,
    3.0,
    3.0,
    3.0,
    3.0
  ],
  "cache_efficiency": [
    0.0,
    0.0,
    0.0,
    0.0,
    0.0,
    0.0,
    0.0,
    0.0,
    0.0,
    0.0,
    0.0,
    0.0,
    0.0,
    0.0,
    0.0,
    0.0,
    0.0,
    0.0,
    0.0,
    0.0
  ],
  "field_resonance": [
    0.8775212605712798,
    0.8223836043417687,
    0.7734929316809649,
    0.7241207060916836,
    0.6932843320088772,
    0.6755613968965728,
    0.6547756383199728,
    0.6370711553789974,
    0.6304914233488521,
    0.6290075800117559,
    0.6319264158903661,
    0.6360381305579879,
    0.647814254502506,
    0.6661999845692328,
    0.6846847398338614,
    0.7004226048517825,
    0.7127332746144176,
    0.7228436683811561,
    0.7288201295990322,
    0.7314330835737534
  ]
}